Building,mean,min,max,sum
Building_A,55.22361111111111,10,99,39761
Building_B,56.579166666666666,10,99,40737
Science_Block,54.03611111111111,10,99,38906
